-- MySQL dump 10.13  Distrib 8.0.15, for Win64 (x86_64)
--
-- Host: 127.0.0.1    Database: testdb
-- ------------------------------------------------------
-- Server version	8.0.15

/*!40101 SET @OLD_CHARACTER_SET_CLIENT=@@CHARACTER_SET_CLIENT */;
/*!40101 SET @OLD_CHARACTER_SET_RESULTS=@@CHARACTER_SET_RESULTS */;
/*!40101 SET @OLD_COLLATION_CONNECTION=@@COLLATION_CONNECTION */;
 SET NAMES utf8 ;
/*!40103 SET @OLD_TIME_ZONE=@@TIME_ZONE */;
/*!40103 SET TIME_ZONE='+00:00' */;
/*!40014 SET @OLD_UNIQUE_CHECKS=@@UNIQUE_CHECKS, UNIQUE_CHECKS=0 */;
/*!40014 SET @OLD_FOREIGN_KEY_CHECKS=@@FOREIGN_KEY_CHECKS, FOREIGN_KEY_CHECKS=0 */;
/*!40101 SET @OLD_SQL_MODE=@@SQL_MODE, SQL_MODE='NO_AUTO_VALUE_ON_ZERO' */;
/*!40111 SET @OLD_SQL_NOTES=@@SQL_NOTES, SQL_NOTES=0 */;

--
-- Table structure for table `histories`
--

DROP TABLE IF EXISTS `histories`;
/*!40101 SET @saved_cs_client     = @@character_set_client */;
 SET character_set_client = utf8mb4 ;
CREATE TABLE `histories` (
  `id` bigint(20) NOT NULL AUTO_INCREMENT,
  `coin_id` bigint(20) NOT NULL,
  `price_now` varchar(45) NOT NULL,
  `price_last` varchar(45) NOT NULL,
  `createdAt` varchar(60) NOT NULL,
  `updatedAt` varchar(60) NOT NULL,
  PRIMARY KEY (`id`),
  KEY `coin_history_idx` (`coin_id`),
  CONSTRAINT `coin_history` FOREIGN KEY (`coin_id`) REFERENCES `usercoins` (`id`)
) ENGINE=InnoDB AUTO_INCREMENT=60 DEFAULT CHARSET=utf8mb4 COLLATE=utf8mb4_0900_ai_ci;
/*!40101 SET character_set_client = @saved_cs_client */;

--
-- Dumping data for table `histories`
--

LOCK TABLES `histories` WRITE;
/*!40000 ALTER TABLE `histories` DISABLE KEYS */;
INSERT INTO `histories` VALUES (1,7,'5.44118244','5.4562519','2020-02-09 20:49:29','2020-02-09 20:49:29'),(2,7,'5.44118244','5.4562519','2020-02-09 20:50:28','2020-02-09 20:50:28'),(3,7,'5.44118244','5.4562519','2020-02-09 20:52:27','2020-02-09 20:52:27'),(4,7,'5.44118244','5.4562519','2020-02-09 20:53:21','2020-02-09 20:53:21'),(5,7,'5.44595143','5.4562519','2020-02-09 20:58:53','2020-02-09 20:58:53'),(6,7,'5.449232225','5.4562519','2020-02-09 20:59:12','2020-02-09 20:59:12'),(7,7,'5.449232225','5.4562519','2020-02-09 21:00:37','2020-02-09 21:00:37'),(8,7,'5.449232225','5.4562519','2020-02-09 21:02:24','2020-02-09 21:02:24'),(9,7,'5.444463235','5.4562519','2020-02-09 21:04:42','2020-02-09 21:04:42'),(13,7,'5.44429412','5.4562519','2020-02-09 21:09:19','2020-02-09 21:09:19'),(14,7,'5.44429412','5.4562519','2020-02-09 21:10:02','2020-02-09 21:10:02'),(15,7,'5.44429412','5.4562519','2020-02-09 21:10:52','2020-02-09 21:10:52'),(16,7,'5.44429412','5.4562519','2020-02-09 21:11:12','2020-02-09 21:11:12'),(17,7,'5.44429412','5.4562519','2020-02-09 21:12:19','2020-02-09 21:12:19'),(18,7,'5.44429412','5.4562519','2020-02-09 21:13:21','2020-02-09 21:13:21'),(19,7,'5.447078315','5.4562519','2020-02-09 21:14:53','2020-02-09 21:14:53'),(24,7,'5.447078315','5.447078315','2020-02-09 21:19:02','2020-02-09 21:19:02'),(25,7,'5.455464631','5.447078315','2020-02-09 21:19:46','2020-02-09 21:19:46'),(26,7,'5.455464631234567','5.455464631','2020-02-09 21:20:57','2020-02-09 21:20:57'),(27,7,'5.45546463','5.455464631234567','2020-02-09 21:23:35','2020-02-09 21:23:35'),(28,7,'5.45896595','5.45546463','2020-02-09 21:24:26','2020-02-09 21:24:26'),(29,7,'5.45896595','5.45896595','2020-02-09 21:24:56','2020-02-09 21:24:56'),(30,7,'5.45896595','5.45896595','2020-02-09 21:25:32','2020-02-09 21:25:32'),(31,7,'5.45896595','5.45896595','2020-02-09 21:26:00','2020-02-09 21:26:00'),(32,14,'34116523.553921','34116523.553921','2020-02-09 21:28:31','2020-02-09 21:28:31'),(33,14,'34116523.553921','34116523.553921','2020-02-09 21:28:59','2020-02-09 21:28:59'),(34,14,'34116523.553921','34116523.553921','2020-02-09 21:29:00','2020-02-09 21:29:00'),(35,14,'34116523.553921','34116523.553921','2020-02-09 21:29:02','2020-02-09 21:29:02'),(36,14,'34116523.553921','34116523.553921','2020-02-09 21:29:06','2020-02-09 21:29:06'),(37,9,'439.32862167','439.63915852','2020-02-09 21:29:31','2020-02-09 21:29:31'),(38,9,'439.32862167','439.32862167','2020-02-09 21:29:34','2020-02-09 21:29:34'),(39,9,'439.32862167','439.32862167','2020-02-09 21:29:35','2020-02-09 21:29:35'),(40,9,'439.32862167','439.32862167','2020-02-09 21:29:36','2020-02-09 21:29:36'),(41,9,'439.32862167','439.32862167','2020-02-09 21:29:37','2020-02-09 21:29:37'),(42,9,'439.32862167','439.32862167','2020-02-09 21:29:39','2020-02-09 21:29:39'),(43,9,'439.32862167','439.32862167','2020-02-09 21:29:40','2020-02-09 21:29:40'),(44,9,'439.32862167','439.32862167','2020-02-09 21:29:41','2020-02-09 21:29:41'),(45,9,'439.32862167','439.32862167','2020-02-09 21:29:43','2020-02-09 21:29:43'),(46,9,'439.32862167','439.32862167','2020-02-09 21:29:44','2020-02-09 21:29:44'),(47,14,'34116729.563699','34116523.553921','2020-02-09 21:29:48','2020-02-09 21:29:48'),(48,14,'34116729.563699','34116729.563699','2020-02-09 21:29:50','2020-02-09 21:29:50'),(49,10,'47891.044231015','46779.77552683','2020-02-09 21:29:59','2020-02-09 21:29:59'),(50,10,'47891.044231015','47891.044231015','2020-02-09 21:30:02','2020-02-09 21:30:02'),(51,10,'47891.044231015','47891.044231015','2020-02-09 21:30:03','2020-02-09 21:30:03'),(52,11,'17.399431895','15.01021409','2020-02-09 21:30:23','2020-02-09 21:30:23'),(53,11,'17.399431895','17.399431895','2020-02-09 21:30:25','2020-02-09 21:30:25'),(54,11,'17.399431895','17.399431895','2020-02-09 21:30:27','2020-02-09 21:30:27'),(55,11,'17.399431895','17.399431895','2020-02-09 21:30:30','2020-02-09 21:30:30'),(56,11,'17.399431895','17.399431895','2020-02-09 21:30:32','2020-02-09 21:30:32'),(57,11,'17.398910615','17.399431895','2020-02-09 22:14:56','2020-02-09 22:14:56'),(58,11,'15.05426068','17.398910615','2020-02-09 22:28:53','2020-02-09 22:28:53'),(59,3,'48.48523492','47.69635066','2020-02-09 22:29:12','2020-02-09 22:29:12');
/*!40000 ALTER TABLE `histories` ENABLE KEYS */;
UNLOCK TABLES;

--
-- Table structure for table `usercoins`
--

DROP TABLE IF EXISTS `usercoins`;
/*!40101 SET @saved_cs_client     = @@character_set_client */;
 SET character_set_client = utf8mb4 ;
CREATE TABLE `usercoins` (
  `id` bigint(20) NOT NULL AUTO_INCREMENT,
  `user_id` bigint(20) NOT NULL,
  `counter` bigint(20) NOT NULL,
  `code_coin` varchar(45) NOT NULL,
  `price_coin` varchar(45) NOT NULL,
  `name_coin` varchar(45) NOT NULL,
  `source` varchar(150) NOT NULL,
  `createdAt` varchar(60) NOT NULL,
  `updatedAt` varchar(60) NOT NULL,
  `secret` longtext NOT NULL,
  PRIMARY KEY (`id`),
  KEY `user_id_idx` (`user_id`),
  CONSTRAINT `user_id` FOREIGN KEY (`user_id`) REFERENCES `users` (`id`)
) ENGINE=InnoDB AUTO_INCREMENT=15 DEFAULT CHARSET=utf8mb4 COLLATE=utf8mb4_0900_ai_ci;
/*!40101 SET character_set_client = @saved_cs_client */;

--
-- Dumping data for table `usercoins`
--

LOCK TABLES `usercoins` WRITE;
/*!40000 ALTER TABLE `usercoins` DISABLE KEYS */;
INSERT INTO `usercoins` VALUES (3,7,1,'bta','48.48523492','Bata','BraveNewCoin','2020-02-09 18:20:59','2020-02-09 22:29:12',''),(4,7,0,'bsm','0.02854534','Bitsum','BraveNewCoin','2020-02-09 18:23:30','2020-02-09 18:23:30','8675a06a-2b61-45c7-ba3c-d4b72116eeb0'),(5,7,0,'btb','14.26001962','BitBall','BraveNewCoin','2020-02-09 18:24:29','2020-02-09 18:24:29','bc6fe310-04ee-4a63-a90f-bfabd2daca8d'),(6,7,0,'btcb','54776319.776983','Bitcoin BEP2','BraveNewCoin','2020-02-09 18:25:18','2020-02-09 18:25:18','d4dce03a-8b01-48bc-ae63-1dba5e0d60a6'),(7,7,24,'btcl','5.45896595','BTC-Lite','BraveNewCoin','2020-02-09 18:25:38','2020-02-09 21:26:00','e2027405-329f-4ae0-afcf-1bffb7070e6e'),(8,7,0,'btm','6.96472419','Bitmark','BraveNewCoin','2020-02-09 18:27:57','2020-02-09 18:27:57','9213c72d-4e94-47be-9151-cda2f6d6571d'),(9,7,10,'btcp','439.32862167','Bitcoin Private','BraveNewCoin','2020-02-09 18:28:55','2020-02-09 21:29:44','fae3c29f-1c7d-4045-99dd-a17d40862aea'),(10,7,5,'btg','47891.044231015','Bitcoin Gold','BraveNewCoin','2020-02-09 18:30:33','2020-02-09 21:30:03','50820370-162e-4b6b-ae42-5f170670ae57'),(11,7,7,'btnt','15.05426068','BitNautic','BraveNewCoin','2020-02-09 18:31:13','2020-02-09 22:28:53','b52e9799-8d08-4fb4-987f-faa9f9b24368'),(13,7,0,'busd','3383.65549431','Binance USD','BraveNewCoin','2020-02-09 18:38:42','2020-02-09 18:38:42','9aa2866b-9386-4f21-ae24-b7289bc39292'),(14,7,7,'btc','34116729.563699','Bitcoin','BraveNewCoin','2020-02-09 21:28:02','2020-02-09 21:29:50','ad8a1712-c963-49a5-8480-706394611ef7');
/*!40000 ALTER TABLE `usercoins` ENABLE KEYS */;
UNLOCK TABLES;

--
-- Table structure for table `users`
--

DROP TABLE IF EXISTS `users`;
/*!40101 SET @saved_cs_client     = @@character_set_client */;
 SET character_set_client = utf8mb4 ;
CREATE TABLE `users` (
  `id` bigint(20) NOT NULL AUTO_INCREMENT,
  `names` varchar(250) NOT NULL,
  `lastnames` varchar(250) NOT NULL,
  `username` varchar(250) NOT NULL,
  `password` longtext NOT NULL,
  `secret` longtext NOT NULL,
  `coin_favorite` varchar(45) NOT NULL,
  `is_active` tinyint(4) NOT NULL,
  `createdAt` longtext NOT NULL,
  `updatedAt` longtext,
  PRIMARY KEY (`id`),
  UNIQUE KEY `username_UNIQUE` (`username`)
) ENGINE=InnoDB AUTO_INCREMENT=8 DEFAULT CHARSET=utf8mb4 COLLATE=utf8mb4_0900_ai_ci;
/*!40101 SET character_set_client = @saved_cs_client */;

--
-- Dumping data for table `users`
--

LOCK TABLES `users` WRITE;
/*!40000 ALTER TABLE `users` DISABLE KEYS */;
INSERT INTO `users` VALUES (1,'Fredy Mauricio','Garcia Mona','luguiant','$2a$12$6kqAk3zT7RO0ueIQODyBFe5FFukB1PSXpNWPgKhjgBSxvjlSdfV7a','03d79485-7574-427f-82e5-c49b7a772ef6','cop',1,'2020-02-07','2020-02-07'),(2,'Fredy Mauricio','Garcia Mona','luguiant2','$2a$12$rRbf8.0z9xPAcBfq8sshw.Uj2N3TvJaCOa/L.npsxy/UR/EEHErQG','355dd825-9efb-49a9-8462-6b23bb7fa641','cop',1,'2020-02-07','2020-02-07'),(3,'Fredy Mauricio','Garcia Mona','luguiant3','$2a$12$Xl0r/GW0TBgMNy8XcZ84Iu6zmLmBPEC20InzbUAk7nc3.lUPk/bTG','c74667bf-59ea-488a-9ac0-f619bef3664b','cop',1,'2020-02-07','2020-02-07'),(4,'Fredy Mauricio','Garcia Mona','luguiant4','$2a$12$.1WrVLvANXxx/g1mq1ncK.W60.DrsQkKoq06Tzai/fJLjt6AkacOO','a4d44d7b-9833-4c11-917b-4eed221a2577','cop',1,'2020-02-08','2020-02-08'),(5,'Fredy Mauricio','Garcia Mona','luguiant5','$2a$12$YpbiyVHTQj3GObmjFvTaIe2Qjlw1ymah2/su4e4t1y8ETy38TR3s6','09c12166-fcbc-4bf9-87a4-4dadfd03515d','cop',1,'2020-02-08','2020-02-08'),(6,'Fredy Mauricio','Garcia Mona','luguiant6','$2a$12$yc6SfGj.g4dZVMUg2I4/5eaOC8TXQWfhEyaQ.V2AT0m.C75G59py2','eed80d00-6fc3-45db-bf22-bbd45cbdd58e','cop',1,'2020-02-08 22:01:38','2020-02-08 22:01:38'),(7,'Fredy Mauricio','Garcia Mona','luguiant7','$2a$12$8RF/mw58liVr8pymmfiRdup1U/1yoI31JoAs4Pt3Huo.qXBxjIdOS','7e1ca269-8cf4-4d18-bf88-53a550f64bff','cop',1,'2020-02-08 22:04:36','2020-02-08 22:04:36');
/*!40000 ALTER TABLE `users` ENABLE KEYS */;
UNLOCK TABLES;
/*!40103 SET TIME_ZONE=@OLD_TIME_ZONE */;

/*!40101 SET SQL_MODE=@OLD_SQL_MODE */;
/*!40014 SET FOREIGN_KEY_CHECKS=@OLD_FOREIGN_KEY_CHECKS */;
/*!40014 SET UNIQUE_CHECKS=@OLD_UNIQUE_CHECKS */;
/*!40101 SET CHARACTER_SET_CLIENT=@OLD_CHARACTER_SET_CLIENT */;
/*!40101 SET CHARACTER_SET_RESULTS=@OLD_CHARACTER_SET_RESULTS */;
/*!40101 SET COLLATION_CONNECTION=@OLD_COLLATION_CONNECTION */;
/*!40111 SET SQL_NOTES=@OLD_SQL_NOTES */;

-- Dump completed on 2020-02-09 18:54:26
